slug	word	levels
about-a-plane	about a plane	movers
about-animals	about animals	movers
about-the-sea	about the sea	movers
after-lunch	after lunch	movers
alien	alien	starters
apple	apple	movers,starters
at-school	at school	movers
at-the-beach	at the beach	movers
badminton	badminton	movers
bag	bag	movers,starters
ball	ball	movers,starters
balloon	balloon	starters
banana	banana	movers,starters
bananas	bananas	movers
basketball	basketball	movers
bath	bath	starters
bathroom	bathroom	movers
beach	beach	movers
bear	bear	starters
bed	bed	movers,starters
bedroom	bedroom	movers
before-school	before school	movers
behind-the-bread	behind the bread	movers
behind-the-door	behind the door	movers
behind-the-station	behind the station	movers
bike	bike	movers,starters
bird	bird	movers,starters
board	board	movers
boat	boat	starters
book	book	movers,starters
boot	boot	movers
boots	boots	movers,starters
bowl	bowl	movers
box	box	movers
bread	bread	movers
brush	brush	movers
burger	burger	starters
bus	bus	movers
cake	cake	movers,starters
camera	camera	movers
car	car	movers,starters
carrot	carrot	movers
cat	cat	movers,starters
chair	chair	movers
cheese	cheese	movers
chicken	chicken	movers,starters
chips	chips	starters
city	city	movers
classroom	classroom	movers
cleaning-the-floor	cleaning the floor	movers
climbing-a-mountain	climbing a mountain	movers
cloud	cloud	movers
cloudy	cloudy	movers
coat	coat	movers
cold	cold	movers
comic	a comic	movers
computer	computer	starters
cooking	cooking	movers
cow	cow	movers
crayon	crayon	movers
crocodile	crocodile	starters
cup	cup	movers
dancing	dancing	movers
desk	desk	movers
dog	dog	movers,starters
doing-homework	doing homework	movers
doing-the-shopping	doing the shopping	movers
doll	doll	starters
dolphin	dolphin	movers
dress	dress	movers,starters
driving	driving	movers
duck	duck	movers,starters
eating	eating	movers
egg	egg	movers,starters
eggs	eggs	movers
elephant	elephant	movers,starters
feeding-the-dog	feeding the dog	movers
field	field	movers
film	film	movers
fish	fish	movers,starters
fishing	fishing	movers
flower	flower	movers,starters
flowers	flowers	movers
football	football	movers
frog	frog	movers,starters
game	game	movers,starters
garden	garden	movers
giraffe	giraffe	starters
glasses	glasses	movers,starters
goat	goat	movers
grapes	grapes	movers
grass	grass	movers
guitar	guitar	movers,starters
happy	happy	movers
hat	hat	movers,starters
have-a-picnic	have a picnic	movers
hippo	hippo	starters
horse	horse	movers
hospital	hospital	movers
hot	hot	movers
house	house	movers
ice-cream	ice cream	starters
in-the-bag	in the bag	movers
in-the-car	in the car	movers
in-the-classroom	in the classroom	movers
in-the-cupboard	in the cupboard	movers
in-the-evening	in the evening	movers
in-the-field	in the field	movers
in-the-house	in the house	movers
in-the-library	in the library	movers
in-the-park	in the park	movers
in-the-playground	in the playground	movers
in-the-river	in the river	movers
jacket	jacket	movers,starters
juice	juice	movers,starters
jumper	a jumper	movers
kangaroo	kangaroo	movers
kitchen	kitchen	movers,starters
kite	kite	movers,starters
lake	lake	movers
lamp	a lamp	movers
library	library	movers
lorry	a lorry	movers
making-the-beds	making the beds	movers
market	market	movers
milk	milk	movers,starters
monday	Monday	movers
monkey	monkey	starters
monster	monster	starters
mountains	mountains	movers
music	music	movers
on-the-bed	on the bed	movers
on-the-chair	on the chair	movers
on-the-grass	on the grass	movers
on-the-roof	on the roof	movers
onion	onion	movers
opposite-the-school	opposite the school	movers
orange	orange	movers,starters
painted	painted	movers
painting	painting	movers
panda	panda	movers
park	park	movers
pasta	pasta	movers
pear	pear	movers,starters
pen	pen	movers,starters
pencil	pencil	movers,starters
phone	phone	movers
photo	photo	movers
photos	photos	movers
piano	piano	movers,starters
plane	plane	movers,starters
plate	plate	movers
played-football	played football	movers
playground	playground	movers
playing	playing	movers
playing-football	playing football	movers
playing-tennis	playing tennis	movers
playing-the-guitar	playing the guitar	movers
playing-the-piano	playing the piano	movers
potato	potato	movers
potatoes	potatoes	movers
rabbit	rabbit	movers
radio	radio	movers
rain	rain	movers
reading	reading	movers
red-coat	a red coat	movers
rice	rice	movers,starters
ride-bikes	ride bikes	movers
riding-a-bike	riding a bike	movers
riding-a-horse	riding a horse	movers
river	river	movers
robot	robot	movers,starters
ruler	ruler	movers,starters
running	running	starters
sailing	sailing	movers
sandwich	sandwich	movers
scarf	a scarf	movers
school	school	movers
shark	shark	movers
sheep	sheep	movers
shirt	a shirt	movers
shoe	shoe	movers,starters
shoes	shoes	movers
shop	shop	movers
shopping	shopping	movers
shorts	shorts	movers,starters
skating	skating	movers
skirt	skirt	movers,starters
sleep	sleep	starters
sleeping	sleeping	movers
snake	snake	starters
soap	soap	movers
sock	sock	starters
socks	socks	movers
sofa	sofa	movers
soup	soup	movers
sun	sun	movers
sunny	sunny	movers
supermarket	supermarket	movers
swim	swim	movers
swimming	swimming	movers,starters
t-shirt	t-shirt	movers
table	table	movers
table-tennis	table tennis	movers
taking-photos	taking photos	movers
tennis	tennis	movers
tent	tent	movers
thursday	Thursday	movers
to-the-field	to the field	movers
to-the-river	to the river	movers
to-the-village	to the village	movers
tomatoes	tomatoes	movers
towel	towel	movers
tractor	a tractor	movers
train	train	movers,starters
tree	tree	movers,starters
trousers	trousers	starters
tuesday	Tuesday	movers
under-the-bed	under the bed	movers
under-the-tree	under the tree	movers
village	village	movers
washing-clothes	washing clothes	movers
washing-the-car	washing the car	movers
watch	watch	movers,starters
watched-tv	watched TV	movers
watching-films	watching films	movers
water	water	movers,starters
watering-the-plants	watering the plants	movers
wet	wet	movers
whale	whale	movers
wind	wind	movers
windy	windy	movers
with-a-bird	with a bird	movers
with-flowers	with flowers	movers
with-stars	with stars	movers
