BENCHMARK -------------->,,"By the end of grade 6, students will advance in oral communication, not only capturing explicit information but also inferring deeper meanings and interpreting speaker intentions with more sophistication. They will express complex ideas more fluently, employing a broader vocabulary and coordinated connectors, and refine their use of nonverbal communication. Their reading skills will include a thorough analysis of texts, distinguishing subtle differences and making inferences to construct meaning, and their writing will reflect an improved ability to adapt texts to the audience, develop ideas around central themes, and employ cohesive devices for well-organized paragraphs.","By the end of grade 7, students will be skilled in orally communicating in English, able to infer and interpret detailed information from conversations and texts, including the intentions behind spoken words. They will effectively use nonverbal and paraverbal cues to enhance their speech, organize ideas around central themes using relevant vocabulary and grammar, and actively participate in discussions about familiar and past events. Their reading will involve critically engaging with texts to integrate information, make inferences, and evaluate language use. In writing, they will produce medium-length texts that are clearly organized, using cohesive devices and a mix of everyday and complex grammar for clarity, reflecting on their work with insight.","By the end of grade 8, students will refine their oral communication to more deeply understand and convey complex information, using nuanced nonverbal cues for emphasis and engaging in sophisticated exchanges on a broad range of topics. They will critically read texts, integrating advanced elements and making inferences to construct comprehensive interpretations, and apply critical thinking to evaluate texts' language and intentions. In writing, they will adeptly tailor texts to specific audiences and purposes, organizing ideas into coherent, structured paragraphs with sophisticated vocabulary and grammar, ensuring clarity through precise orthography, and engaging in thoughtful reflection and evaluation of their written work.","By the end of grade 9, students will have developed the ability to communicate orally in English across a range of texts, interpreting the speaker’s intentions and adapting their speech to both formal and informal situations with clear pronunciation and intonation. They will organize and express their ideas around themes using cohesive resources and a specialized vocabulary. In discussions, they will begin to reflect on and evaluate their own and others' ideas, participating actively on a variety of topics. Their reading skills will include critically engaging with complex texts, starting to integrate and interpret conflicting information, and reflecting on the text's form and content. Writing skills will involve creating extended texts for specific audiences, organizing ideas into paragraphs, using relevant vocabulary and medium complexity grammar, and reflecting on their language use to enhance clarity.","By the end of grade 10, students will enhance their oral communication skills, using nonverbal and paraverbal cues more effectively to underscore their messages, and evaluating spoken content with greater insight. They will express themselves with increased fluency, employing a more idiomatic language range and engaging in complex interactions. In reading, they will adeptly integrate main ideas with specific details to construct the overall meaning of texts, evaluating language use and the text’s impact with an understanding of their socio-cultural context. In writing, they will produce more sophisticated texts, structuring their ideas with greater clarity using subheadings and varied grammatical constructions, and critically evaluating their work for improvement.","By the end of grade 11, students will master oral communication in English, speaking with clarity and fluency across a broad spectrum of topics, skillfully interpreting interlocutors' intentions and counter-arguing when necessary. They will adeptly adapt their speech to various contexts, using an extensive and accurate range of language. Their critical reading skills will be highly developed, allowing them to interpret texts by integrating complex information and evaluating texts' language and effects based on deep socio-cultural understanding. Writing skills will include crafting extended, reflective texts with advanced organization and development of ideas, employing a wide range of cohesive devices and specialized vocabulary, and using orthographic resources for utmost clarity. Students will reflect on and evaluate their texts with a sophisticated understanding of language use, aiming for continuous improvement."
Competence,Sub bloque,6th,7th,8th,9th,10th,11th
Communicates orally in English as a second language,Listening Skills,"Key points in short stories or announcements
Fill-in-the-blanks listening exercises
Listening for gist
Listening for detailed information","Listening to and noting details from a conversation between native speakers 
Main idea summaries
Listening for gist
Listening for detailed information","Listening to Lectures and Talks, Media and Broadcasts 

Listen to main points from podcasts 
Note-taking practice","Different viewpoints in a discussion 
Listening to debates
Noting arguments
","Complex arguments in lectures or talks
TED Talk summaries
Listening for main points ","Persuasive speeches 
Debates
TED Talks
Debates 
Giving oral presentations "
,Speaking Skills,"Simple dialogues about daily routines 
Giving information
Scripted role-plays
TEDTalk presentations (2min)
Asking for other people's opinion
Agreeing and disagreeing","Short 2 minute discussions on recent event in small groups 
Showing agreement and polite disagreement
Interviews
Role-plays
TEDTalk presentations (3min)","Starting conversations
Asking follow-up questions 
Discuss about different topics: Conversation circles with rotating topics
Oral presentations: TEDTalk presentations (5min)","3-minute presentations on a hobby or interest (Oral presentations)
Discussion: TV panel discussion, with 3-4 minutes per speaker
Draft a script for a podcast (individual)","Five minute group discussions, 
Giving opinions and reasons 
Discuss about different topics
Improvising a speech
Organize a formal debate with timed speeches (4 minutes per speaker), 
Draft a script for a podcast (pairs)","Improvising a speech
Persuasive 5-minute speech on a societal issue 
Using advanced rhetorical techniques.
Oral presentations
Synthesizing oral information
Discussing about different topics
Giving opinions and reasons
Draft a script for a podcast (small groups)"
Reads different types of textsin English as a foreign language,Text types,"Short descriptive paragraphs.
Simple poems, dialogues, and narratives (over 150 words).","Informal letters and emails.
Read simple articles and narratives (over 300 words).","Detailed texts and longer articles.
Understand reports and extended narratives (up to 500 words).","Medium-length texts 
Biographies
Summaries
Opinion pieces (up to 750 words).","Complex texts
Detailed articles
Comprehensive reports
Narrative prose (up to 1000 words).","Full-length articles
Essays
Literary texts with complex structures and themes (up to 1500 words or more)."
,"Reading Skills
","Skimming and scanning
Identify characters' feelings, motives in short stories.
Extracting relevant information
Reading for gist
Reading for detailed understanding
Main idea, details in texts (letters, emails).
Personal responses to illustrated texts (comics, picture books).","Identify main ideas and supportive details 
Predict outcomes in texts.
Skimming and scanning to get gist of nonfiction (textbooks, news articles).
Opinions on texts (reviews, opinions).","Interpret characters' implicit motives in literature.
Summarize key points in different texts (brochures, essays, articles).
Analize texts for a specific purpose (advertisements, persuasive texts).","Interpreting explicit and implicit meanings in texts
Supporting ideas with textual evidence
Drawing conclusions
Central themes in stories, current events, literary excerpts.
Implicit arguments, viewpoints (editorials, reviews).
Reflection on texts (poems, novel extracts).","Skimming and scanning
Making inferences
Synthesizing information from multiple texts
Identify underlying themes, ideas (literary extracts, specialized articles).
Complex structures (essays, opinions, technical writing).
Critique, reflection (literary critiques, in-depth articles).","Skimming and scanning
Making inferences
Information from academic texts, literature (Drawing reasoned conclusions and make judgments).
Diverse viewpoints, arguments (scientific articles, literary analysis) (Synthesizing information from multiple texts).
Identify the author's purpose."
Writes various types of texts in English as a foreign language,"Text type
","Simple texts focusing on expressing opinions, and giving reasons. 
Narrative Essays: 250-300 words, focusing on personal experiences.
Informal Letters: 150-200 words, learning to communicate personally.
Simple Reports: 200-250 words, reporting on straightforward topics.","Medium complexity texts focusing on developing coherence and cohesion. 
Similarities and differences paragraphs
Descriptive Compositions: 300-350 words, using sensory details.
Book Reviews: 250-300 words, expressing opinions on literature.
Formal Letters: 200-250 words, addressing specific audiences. ","Medium complexity texts on focusing on exploring different types of writing, accuracy, and complexity. 
Opinion Essays: 350-400 words, presenting personal viewpoints.
Simple Argumentative Essays: 300-350 words, beginning to use evidence.
Basic Research Reports: 350-400 words, introducing citation of sources. 
Story (type to be decided)","Varied texts focusing on refining essay writing skills and exploring different genres.
Comparative Essays: 400-450 words, analyzing similarities and differences.
Reflective Journals: 300-350 words, pondering on personal learning experiences.
Introductory Analytical Reports: 400-450 words, examining a topic in depth. 
Short story: 500 - 550 words","Varied texts focusing on developing a personal style and complex topics.
Persuasive Essays: 450-500 words, aiming to influence readers’ perspectives.
Articles for School Publications: 400-450 words, covering various school-related topics.
Detailed Research Reports: 500-550 words, encompassing thorough research and analysis. 
Poster","Mastering types of writing, accuracy, and fluency.
Persuasive essays (variety of structures, more words)
Letter of opinion
Critical Essays: 500-550 words, evaluating texts or issues critically.
Feature Articles: 450-500 words, exploring topics in detail for a wider audience.
Individual reports: 500-550 words, reflecting on personal growth and aspirations. (Work with either opinion or essay) "
,Idea Development and Process,"Mind maps
Simple outlines
Drafting simple sentence structures,
Peer reviewing for basic feedback
Revising for clarity and coherence.","Mind maps
Detailed outline frameworks 
Paragraph development
Drafting with complex sentences
Peer editing to refine ideas
Revising for improved structure and vocabulary usage.","Mind maps
Research topics to build content
Thesis statements
Arguments with supporting evidence in drafts
Feedback from diverse audiences
Revising for argumentative clarity and persuasive language.","Mind maps to explore relationships between ideas,
Thesis statement with comparison criteria
Drafting reflective and analytical pieces
Substantive peer reviews
Revising to add depth and insight to analyses.","Mind maps
Persuasive theses
Rhetorical strategies in outlines,
Multiple drafts to refine arguments,
Peer reviews for logical consistency, 
Revising for rhetorical effectiveness and precision.","Mind maps
Complex arguments and theses
Cohesive outlines for research,
Advanced drafting with critical thinking
Targeted feedback for depth and breadth of content
Revising for academic rigor and stylistic maturity.
"
,Language Conventions,"Pronouns
Simple present/past  (review)
Present perfect tense
Modal verbs
Adverb placement
Basic orthographic conventions.
Collocations and phrasal verbs
Adjective order","Tenses review
Past perfect tense
Reflexive pronouns
Relative clauses
Parentheses
Hyphenation.
Zero and first conditionals
Modals
Comparative and superlative
Adverbs
Connectors
Collocations and phrasal verbs","Tenses review
Word formation
Future continuous
Conditional sentences
Passive voice
Reported speech
Colons
Semicolons
Prefixes
Suffixes.
Collocations and phrasal verbs","Conditional sentences type 3
Passive voice in continuous and perfect tenses
Complex modals
Dashes
Ellipses
Future tenses
Passive voice
Word formation
Collocations and phrasal verbs","Word formation and key word transformation
Conditionals review
Tenses review
Mixed conditionals
Subjunctive mood
Complex relative clauses
Advanced punctuation
Brackets and slashes.
Collocations and phrasal verbs","Advanced verb patterns
Inversion
Cleft sentences
Discourse markers 
Advanced punctuation.
Tenses review
Word formation and key word transformation
Passive voice
Collocations and phrasal verbs
Direct and indirect speech"